id,Name
0,Friendly Visit
1,Appliance Repair
2,Chimneys-Repr.&Clean.
3,Flooring/Carpets
4,Grocery Shopping (Covid-19)
5,Home Health Care
6,Bill Paying / Paperwork
7,Board Meetings
8,Cloud Storage
9,Committee
10,Heating/AC
11,Garden/Landscape-Prof. 
12,General Errands (Covid-19)
13,Const./Reno./Repairs
14,Event Carpool
15,Electricians/Electric
16,Errands w/out Member
17,Event Planning
18,Handy Person-Vol.
19,Cell Phone Help
20,Alarms/Locks/Security
21,Email
22,Gardening/Yard Help -  Vol
23,Coronavirus Support Phone Call
24,Community Outreach (Covid-19)
25,Auto Repair
26,Coronavirus Remote Assistance
27,Club Express
